name,email,phone,address,created_at,region
Aaron Lee,joannekemp@peters-cross.com,(061)494-7137,"762 Kevin Springs, Sydneyberg, MI 38238",2024-10-07 12:38:57,us-east
Cory Graves,cynthia80@hoffman.com,7998195021,"50200 John Club Apt. 580, Lake Martin, WY 39582",2024-05-10 08:15:46,us-west
Colin Perry,alisha44@yahoo.com,369.759.4438x17041,"510 Anthony Heights Suite 222, West Ashleyshire, AZ 81428",2024-02-21 16:07:23,us-central
Tara Sutton,umartinez@smith-newman.com,001-236-885-5599,"7229 Norris Village, South Edwinville, NJ 03013",2024-02-16 22:46:04,us-east
Chad Lara,kimberly67@gmail.com,(791)647-1922x67407,"720 Holly Extensions, West Erin, FL 65218",2024-04-25 23:01:39,us-west
Carl Taylor,blackjim@gmail.com,7469609405,"6225 Williams Summit Apt. 974, Carlfurt, KS 27216",2024-02-26 08:19:01,us-central
Carrie Moreno,nicholasruiz@cardenas.com,+1-789-237-7906,"USNS Meyer, FPO AE 54915",2024-05-09 01:19:45,us-east
Alyssa Martin,carrillowilliam@gmail.com,(262)922-4933,"60732 Smith Fields, South Troychester, MN 47569",2024-11-13 21:39:29,us-west
Kayla Buchanan,anthony89@gmail.com,(609)839-3071,"141 Roy Via, Lake Nicoleland, VT 68436",2024-09-06 00:26:41,us-central
Shelby Morgan,mitchellshirley@yahoo.com,697-947-9283,"18194 Lee Road Suite 627, Smithstad, AZ 95902",2024-11-15 14:43:04,us-east
Aaron Thompson,andrew20@yahoo.com,905.327.7330,"839 Matthews Corner Apt. 351, South Nancy, NH 08697",2024-09-25 03:53:39,us-west
Dennis Villegas,cassandrajordan@yahoo.com,(455)714-9733x43947,"09216 Laura Ridges Suite 562, New Sarah, DC 59688",2024-05-27 23:49:27,us-central
Robert Diaz,hturner@gmail.com,4846382089,"083 Jonathan Islands, West Emilytown, NE 75142",2024-03-27 03:04:03,us-east
Stephanie Gomez,xmcfarland@jackson-gill.com,091.753.3392,"590 Matthew Trail Apt. 630, Marshallshire, GA 85213",2024-07-06 14:08:36,us-west
Aaron Hanson,ariana72@lewis.com,326.501.1827,"223 Albert Via Apt. 632, Juliashire, AR 18010",2024-10-21 14:01:20,us-central
Ryan Martinez,cynthia60@price-trujillo.com,(310)169-0569x207,"6618 Munoz Pass, Joshuafort, AK 78764",2024-11-06 07:34:40,us-east
Tanya Long,duanefowler@yahoo.com,928.561.0732,"8610 Manning Pike, Jasonview, MN 35901",2024-09-03 15:46:56,us-west
Gabrielle Mcdonald,njohnson@gmail.com,(103)918-3159x39675,"4664 Sanchez Plaza, Pamelaborough, MT 51454",2024-08-24 17:33:50,us-central
Casey Howard,lhutchinson@gmail.com,128.119.8374,"16934 Katherine Trail Apt. 908, Veronicatown, GA 47947",2024-04-13 01:04:02,us-east
Dustin Smith,jessica59@hotmail.com,(772)101-6743x16211,"7891 Sara Key, South Zachary, NV 63674",2024-11-12 05:57:40,us-west
Michael Andrews,williamkim@hotmail.com,001-949-390-6484x2927,"277 Amber Roads Apt. 021, East Thomastown, MS 67050",2024-04-21 07:49:57,us-central
Mandy Hood,cholland@ruiz-hanson.com,4562900400,"718 Jordan Cliffs, Hendersonville, MT 75526",2024-08-10 22:54:24,us-east
Lisa Richard,alidominique@hotmail.com,+1-453-373-8772x264,"92165 Alexander Run, Martinezborough, SD 39210",2024-04-20 23:58:30,us-west
Erica Kelley,raymond36@hutchinson.net,+1-012-646-3465x534,"7325 Alyssa Junctions, West David, CA 63908",2024-07-08 15:22:39,us-central
Caitlyn Decker,hallkimberly@hotmail.com,091.641.7569x65971,"USCGC Flores, FPO AP 31182",2024-03-08 06:29:36,us-east
Robert Perry,scottcrosby@fernandez-meyer.com,013-897-4914x17035,"4280 Ethan Hill, Harrytown, IA 20127",2024-09-03 11:36:56,us-west
Timothy Arnold,downsbryan@yahoo.com,995.011.3440x518,"PSC 4282, Box 8239, APO AA 15847",2024-10-27 11:28:57,us-central
Larry Williams,angelacoleman@hotmail.com,910.440.0232x8178,"30704 Chapman Pike, Lake Jonathanberg, MN 13047",2024-11-20 20:25:12,us-east
Jason Atkins,archermartin@hotmail.com,771.144.1151x3495,"8216 Laura Drives Apt. 767, Bradleyborough, NY 67778",2024-06-23 05:56:53,us-west
Lisa Graves,rebecca68@yahoo.com,(792)202-0838,"502 Rodriguez Trail Apt. 462, Williamton, MN 61785",2024-05-12 20:21:07,us-central
Lauren Lee,kimberly09@yahoo.com,+1-733-042-7973x724,"2762 Timothy Vista Apt. 527, Robertmouth, AR 11815",2024-10-31 09:16:12,us-east
Lisa Baker,ndavis@smith-waters.com,5444764399,"0750 Nichols Ways Apt. 654, Riddlehaven, ID 40477",2024-03-11 19:42:14,us-west
Devin Carroll,srobertson@gmail.com,(826)299-4223x85710,"1778 Brown Harbor, South Travis, MA 05699",2024-06-19 22:50:08,us-central
Richard Lambert,diane87@gomez.com,001-795-321-3015x04294,"7165 Garner Villages, Brownchester, TX 11769",2024-01-07 09:41:32,us-east
Adrienne Patrick,crawfordpaul@yahoo.com,(608)391-1355x212,"2183 Kerry Prairie, Markshire, FL 28501",2024-01-02 17:17:58,us-west
Robert Rivera,cassandraholder@brown.com,643-307-0936x726,"99374 Amanda Freeway, Lake Justin, DE 60846",2024-01-07 14:16:01,us-central
Xavier Carson,amanda76@gmail.com,001-836-391-3974x172,"503 Allen Greens Apt. 451, New Eric, WA 29922",2024-02-08 06:44:54,us-east
Russell Graves,hflynn@gmail.com,651-124-3047x943,"322 Cameron Stravenue Suite 618, Port Robert, MA 21297",2024-01-13 23:23:41,us-west
Michael Bryan,jessicasmith@ramirez.com,890.726.7659,"66825 Juan Vista Suite 574, Port Brendanport, AZ 36949",2024-05-27 21:58:27,us-central
Brenda Mcconnell,craneamber@poole.com,+1-989-438-6984x816,"2483 Reeves Crescent Apt. 109, Sarahburgh, VA 40215",2024-04-17 10:47:57,us-east
Kenneth Taylor,piercestephanie@ochoa.com,645-517-6676x754,"194 Sanders Isle Apt. 997, Jamesmouth, NM 58744",2024-08-25 06:41:50,us-west
Maria Blake,hawkinsstephanie@mcintyre-williams.org,(983)302-3716x668,"468 Samuel Bypass Suite 702, New David, CA 05676",2024-03-15 08:31:12,us-central
Teresa Ramos,simpsonmichael@hotmail.com,(618)903-5197x36742,"PSC 5416, Box 8874, APO AP 04630",2024-01-08 16:49:23,us-east
Cassandra Morgan,ashleyrowe@gmail.com,6472577836,"46165 Nicholas Green Apt. 493, West Richardchester, MO 68303",2024-01-15 14:24:25,us-west
Dr. Donna Wise,russellmurphy@ashley.com,519.237.7429x329,"USNV Young, FPO AA 29080",2024-02-12 23:40:28,us-central
Deborah Kelley,lindavaldez@gmail.com,001-746-495-7151x99461,"5071 Jon Rest, Rodgershaven, FL 59960",2024-08-27 02:14:36,us-east
Daniel Frye,emilymckinney@gmail.com,937.916.8330x9892,"875 Laura Key Apt. 946, South Jessicafort, IA 19193",2024-06-01 03:35:58,us-west
John Keller,pamelabaldwin@rodriguez.com,372-650-7431x3764,"113 Zamora Grove Suite 830, South Mary, RI 68159",2024-03-02 04:31:01,us-central
Jacob Bruce,mnelson@russo.com,025-545-5686,"PSC 1708, Box 8337, APO AP 33923",2024-06-10 04:24:25,us-east
James Carroll,mercerdana@yahoo.com,+1-884-893-7663x30679,"271 Andrew Manors Suite 571, Christopherbury, MA 52322",2024-06-19 00:42:52,us-west
Robert Williams,cwilson@gmail.com,001-666-347-1959x36335,"23518 Peterson Estates, Goodwinland, WV 50979",2024-11-07 21:27:47,us-central
Alfred Bell,gvargas@gmail.com,221-612-7211x5766,"8891 Carolyn Center, New Sarah, MI 45346",2024-10-24 07:43:29,us-east
James Cobb,carrerin@atkins.org,(126)823-7378x4099,"88871 Rose Estate, West Jared, LA 99421",2024-09-05 01:04:30,us-west
Christopher Larson,brianmccann@gmail.com,001-590-966-8414x40036,"2012 Barbara Stravenue Apt. 521, New Scott, UT 50131",2024-04-30 14:03:28,us-central
Wayne Cantrell,ronaldwilliams@blackburn.com,025-785-8377x62221,"USNV Lambert, FPO AE 66100",2024-05-09 11:29:41,us-east
Sarah Waters,john84@evans.net,363-141-9711x000,"851 Knight Ramp Suite 866, Amandaland, GA 92896",2024-06-01 01:45:42,us-west
Anna Ramirez,crystalbarron@davis.org,096-707-3363,"46530 Patrick Square, Lake Duane, IL 92286",2024-05-10 13:15:48,us-central
Christy Winters,andersonnathan@yahoo.com,(506)070-6366x82948,"000 Thomas Overpass, Courtneymouth, VT 83853",2024-02-04 00:19:59,us-east
Ashley Spencer,rhodesdeborah@yahoo.com,349-010-0544x695,"1364 Gonzales Gateway, Saundersview, SC 80609",2024-04-09 20:01:28,us-west
Christopher Burch,jose87@hotmail.com,(763)042-6308,"2723 Eric Branch, North Michael, TN 28203",2024-06-16 07:19:20,us-central
Robyn Sherman,gallegosstacy@larsen.com,(388)598-7910x7612,"427 Daniel Causeway, Martinezchester, OH 34127",2024-09-16 02:19:39,us-east
Bruce Green,jmitchell@hotmail.com,(597)227-4607x707,"4733 Mccall Islands, Jennifermouth, TX 53717",2024-01-03 00:13:07,us-west
Lindsey Burns,adam83@yahoo.com,001-931-904-3614x42619,"23984 Sullivan Plaza, South Amanda, CT 46189",2024-09-07 03:13:49,us-central
Victoria Houston,jjimenez@chambers.com,(142)155-1803x601,"7987 Barnes Lodge Apt. 717, Daisyview, UT 53326",2024-02-18 16:49:48,us-east
Larry Huang,smartin@hotmail.com,806.287.1311x04796,"08381 Megan Park Apt. 362, Port Christopherborough, RI 05055",2024-08-04 12:31:07,us-west
Melanie Mclean,phillipsanthony@johnson.com,768-568-6887x805,"PSC 9527, Box 5808, APO AA 22010",2024-02-13 05:02:02,us-central
Alan Thomas,zhansen@yahoo.com,+1-353-249-9149x6203,"9524 Tara Tunnel Apt. 929, New Mary, WI 71141",2024-03-25 06:43:18,us-east
Michael Watson,janet45@garcia.com,(560)759-4859,"202 Stacy Dale Apt. 121, Melissaborough, ME 25015",2024-03-15 17:58:54,us-west
Cynthia Jackson,mcknightdeanna@french-martinez.com,+1-393-809-4644x0088,"7017 Duncan Heights, Amberborough, IN 51957",2024-03-07 20:37:25,us-central
Antonio Scott,marisaberg@garcia-coleman.com,001-878-067-9307x90082,"94861 Joseph Forges Apt. 906, East Jeffreyside, NC 87936",2024-04-14 05:43:49,us-east
Brian Watts,sclark@collins.com,173.299.9717x6487,"2072 Gomez Ramp Apt. 319, North Julie, VT 51627",2024-04-17 23:58:09,us-west
Sophia Cole,robertmontes@yahoo.com,9476528788,"51464 David Ford, East Mary, IN 62784",2024-01-01 09:47:37,us-central
Dr. Eric Cox,dwilson@rivera-cole.com,320-138-0026x506,"686 Yoder Walk, Ryanshire, WV 17711",2024-11-20 06:59:36,us-east
Jordan Howell,grahammark@daniels.info,+1-104-153-8969x0640,"237 Beasley Village Suite 846, Port Emmaport, DC 68444",2024-01-15 11:26:55,us-west
Daniel Vargas,josethompson@shannon.com,957.692.5631x01418,"157 Melissa Divide, Gilmoreshire, MO 82914",2024-06-01 00:11:20,us-central
Terry Clark,jessica30@hotmail.com,602.612.5240,"Unit 1254 Box 6649, DPO AP 23410",2024-09-20 13:04:29,us-east
James Anderson,gregoryfox@yahoo.com,448.165.2525,"4533 Sandy Burgs Apt. 737, Palmerhaven, NC 97282",2024-03-10 08:22:51,us-west
Emily Peterson,mjackson@young-valdez.com,188-139-8122x694,"9499 David Spring Suite 176, Brandtchester, TN 25325",2024-01-18 12:53:44,us-central
Claudia Dennis,danieltrujillo@garza.biz,062-164-7792x16249,"6172 Christine Summit, Lake Dylan, UT 92001",2024-10-31 00:27:10,us-east
Jennifer Jones,rodriguezmatthew@hotmail.com,150.823.6452x7455,"757 Katherine Plains Apt. 858, Markshaven, CA 67793",2024-07-15 05:48:02,us-west
Annette Coleman,thomas89@gmail.com,963-188-9768,"382 Hays Falls Apt. 116, Lake Kennethmouth, MO 17261",2024-01-08 07:13:24,us-central
Donna Thomas,heather47@patterson.org,891.166.9353,"62279 Marvin Pines Suite 852, New Tinaville, MA 28066",2024-10-24 16:48:40,us-east
Adam Brown,zamoralisa@smith-brown.org,398.760.1489x772,"0567 Hamilton Ferry, Johnsonberg, IL 21768",2024-07-31 23:59:47,us-west
Rebecca Rodriguez,rosariodonna@harris.com,528-462-6434x14896,"751 Tucker Dale, Thomasland, OR 71378",2024-01-15 06:58:28,us-central
Matthew Harris,michelle93@sexton.com,523-410-3159x039,"9110 Hood Wall Suite 050, Michaelberg, MI 55975",2024-10-17 03:34:26,us-east
Teresa Wood,rjones@gmail.com,363.998.0603x612,"19995 Joan Club, East Sherry, NC 99053",2024-10-09 08:22:57,us-west
Marco Torres,racheljordan@gmail.com,040-060-3433x712,"PSC 9981, Box 8778, APO AA 61671",2024-01-29 16:50:36,us-central
Austin Chapman,steeletom@bates.com,001-830-354-8067x38035,"6241 Lindsey Trafficway, Lake Kathyside, PA 70963",2024-02-04 10:51:03,us-east
Lydia Mullins,michael24@jenkins.com,3099637033,"9928 Jacob Radial Suite 614, Gregorychester, CO 58483",2024-09-21 02:39:25,us-west
Sean Hall,jowens@yahoo.com,001-557-893-9073x9518,"61878 Larry Parkway, Meyerstad, OK 23099",2024-04-25 09:34:37,us-central
Jeffery Gonzalez,byrdscott@fisher.com,+1-371-006-9164x509,"2693 Kaylee Springs, East Destiny, SD 82325",2024-01-12 05:50:15,us-east
Donna Reynolds,byrdjohn@hotmail.com,686-491-6011,"713 Ian Rapids Suite 763, Kimberlyville, UT 79600",2024-10-05 20:24:52,us-west
Joshua Gardner,elizabethpage@hotmail.com,+1-155-406-1955,"801 Nelson Coves Apt. 011, East Rachel, MD 46870",2024-08-15 09:03:53,us-central
Colleen Lee,valeriehoffman@yahoo.com,(460)807-5853x1953,"41489 Hubbard Fall, West Susanhaven, ND 66571",2024-02-10 02:55:40,us-east
Andrew Lara,kempkyle@yahoo.com,(438)413-5653x431,"Unit 4835 Box 4776, DPO AA 11752",2024-02-11 17:02:50,us-west
Kyle Adams,raymond23@hotmail.com,(293)830-2415,"4254 Carrillo Grove Suite 541, Stephaniefurt, ID 02397",2024-01-05 15:38:38,us-central
Jeffrey Thomas,stacey85@hotmail.com,213.307.8132x7755,"Unit 8109 Box 6119, DPO AA 76391",2024-02-13 01:18:19,us-east
Anthony Smith,ryankenneth@hotmail.com,498.992.5334,"74993 Jorge Groves Suite 793, Kathrynland, KS 39076",2024-05-12 19:04:43,us-west
Mary Tran,vaughncourtney@gmail.com,778.196.3094x5685,"USNS Gibson, FPO AE 31345",2024-08-11 13:02:26,us-central
Hailey Harris,carlsonallison@hotmail.com,6460084309,"38829 Smith Track, Port Justinstad, NJ 00534",2024-01-12 18:29:48,us-east
Phillip Terry,melissa98@hotmail.com,(657)661-3003x87260,"3241 Whitney Spurs, Brandonmouth, WA 67613",2024-05-27 15:09:10,us-west
Jennifer Adams,pphillips@morgan.com,+1-896-317-3504x3382,"1760 Jodi Canyon, East Candice, NJ 65574",2024-02-20 23:39:37,us-central
David Wilcox,christine57@gmail.com,+1-684-772-2689,"0172 Chaney Well Apt. 770, South Ruthstad, NV 47400",2024-10-08 08:07:37,us-east
Elizabeth Garcia,ebennett@hotmail.com,(883)838-7750x9564,"6684 Campbell Cliffs Apt. 026, New Amanda, ND 54248",2024-11-17 23:10:11,us-west
John Martinez,melissa19@long-cantrell.org,294.776.0915,"56399 Brian Villages, Lopezberg, WV 43295",2024-06-30 02:23:42,us-central
Ashley Rangel,greenedavid@hotmail.com,846.076.5133x808,"3731 Jose Street Apt. 872, Sandraport, KS 03012",2024-06-08 23:51:37,us-east
Victoria Mann,tmoore@gmail.com,381-170-1193x46484,"Unit 1191 Box 7185, DPO AA 97277",2024-08-16 13:38:51,us-west
Andrew Beard,michaelthompson@griffin.net,(148)608-1701x972,"2429 Johnathan Path Apt. 079, Yatesshire, CT 45157",2024-11-11 02:38:34,us-central
Ronald Robinson,natasha45@harris.com,+1-192-804-4562,"Unit 1567 Box 7134, DPO AP 87128",2024-07-04 14:50:00,us-east
Kevin Allen,dhanson@franco.net,8993532067,"Unit 1956 Box 7667, DPO AE 77875",2024-04-03 00:04:48,us-west
Gary Carter,amandasandoval@kirby.com,(966)472-0159,"USNV Newman, FPO AP 21501",2024-05-28 04:58:00,us-central
James Henderson,castillojodi@gmail.com,969.178.0783x43428,"6175 Karen Squares Suite 452, Austinville, DC 31421",2024-02-28 11:37:40,us-east
Ricky Miller,meganbrown@hotmail.com,497.538.3128,"PSC 7322, Box 2075, APO AE 87131",2024-09-06 05:15:15,us-west
Michael Alvarez,cynthia38@castillo-tran.net,+1-556-142-4996x0175,"19074 Joseph Forge, New Joshuamouth, IA 90264",2024-05-23 00:13:32,us-central
Sabrina Moreno,spencewhitney@yahoo.com,(192)177-1055x403,"PSC 2183, Box 2849, APO AA 61283",2024-03-12 14:24:56,us-east
Perry Lowery,xharris@hotmail.com,918.035.5179x118,"30756 Melissa Dam Suite 192, Fisherchester, PA 81811",2024-04-18 14:10:59,us-west
Diana Hamilton,samanthawillis@hotmail.com,212.484.8968x8679,"339 Lori Plaza Suite 860, New Danamouth, DE 73106",2024-01-11 00:42:39,us-central
Stephen Smith,crystallopez@gmail.com,901-498-5594,"61371 Miller Parkway Apt. 628, Justinburgh, IN 19307",2024-01-24 11:55:44,us-east
Danielle Mcconnell,millerdevin@green.com,001-290-841-3092x4727,"USNV Terrell, FPO AE 31514",2024-10-05 04:20:24,us-west
Ralph Green,julianrice@gmail.com,6945163628,"43120 Stephanie Freeway Suite 454, Sarahtown, MI 63914",2024-07-03 00:45:00,us-central
Christian Smith,donaldvasquez@wilson.com,+1-487-022-3546x71327,"60624 Carrie Streets, Blevinshaven, WA 46984",2024-10-14 05:49:10,us-east
Derek Gutierrez,smithdean@gmail.com,332-256-0783,"81940 Ray Corners, Deborahland, AL 99607",2024-03-21 00:01:00,us-west
Tonya Zamora,coxkim@price-martinez.com,111.233.0333,"39189 Kristen Alley, Davidmouth, MI 63961",2024-03-04 18:29:12,us-central
Miranda Conway,zachary46@acosta.com,043.710.3208x79194,"430 Ashley Vista, New Heather, MD 27757",2024-08-14 20:05:24,us-east
Lori Williams,jimmyrodriguez@kelly-shepard.com,(779)019-3799x0611,"508 Simpson Roads Apt. 737, North Cassidyville, NH 02343",2024-06-09 17:02:49,us-west
Jessica Gibson,xbrewer@navarro-rice.info,8388171335,"023 Grant Stravenue, New Cynthiafurt, TX 95449",2024-07-01 23:47:44,us-central
Kyle Hernandez,coxcharles@gmail.com,606.144.3049x4679,"5373 Olson Summit Suite 297, South Madison, WY 19030",2024-05-21 07:57:50,us-east
Stephen Robinson,stokesfrank@potter-wood.com,075-813-2511x844,"443 Amy Lights Suite 430, Kennedyshire, ME 99519",2024-09-25 04:57:00,us-west
Mitchell Morgan,holly61@gmail.com,983-837-5789x861,"00684 Ana Gardens Suite 137, Ballview, MS 03001",2024-10-01 10:42:51,us-central
Thomas Santiago,kellerjames@gardner-nixon.biz,181.891.2555x6547,"4551 Kimberly Stravenue, Lake Nathaniel, VT 35198",2024-11-12 01:56:14,us-east
Sarah Rivera,hillcrystal@yahoo.com,858-717-4128,"35207 Joshua Street Suite 958, Morganchester, NH 26581",2024-02-01 09:58:40,us-west
Alejandra Buchanan,michael85@vargas.com,800-769-6811,"PSC 8772, Box 9282, APO AA 42520",2024-03-25 07:36:44,us-central
Cynthia Wilson,angelabrown@gmail.com,703.046.5120x990,"USCGC Armstrong, FPO AE 58234",2024-05-24 23:43:58,us-east
David Finley,bobby99@gonzalez-wagner.info,+1-381-989-9938,"7294 Carly Shore Apt. 283, Port Elizabethchester, CA 93242",2024-06-02 16:45:53,us-west
Javier Edwards III,mkent@yahoo.com,(105)686-3726x50349,"USNS Perry, FPO AE 08814",2024-05-07 07:00:47,us-central
Susan Ramirez,avilacindy@brown.info,+1-529-973-2131x8370,"55360 Turner Inlet, West Margaret, TX 76944",2024-06-29 05:46:15,us-east
Mrs. Shannon Gould,crystal07@fields-rodriguez.net,001-863-690-1102x745,"1125 Smith Forge Suite 626, Leeborough, NM 41186",2024-06-06 23:55:19,us-west
Robin Adams,morgankent@ho.com,510-011-0569,"USS Johnson, FPO AE 64322",2024-01-20 02:13:30,us-central
Suzanne Evans,melissapowers@yahoo.com,001-387-529-9924x887,"5297 Barker Squares, Gonzalezberg, IN 80160",2024-11-02 23:44:11,us-east
Margaret Travis,dunnmark@gmail.com,908-332-7227,"016 Reese Trail Apt. 430, South Gregoryport, MO 35147",2024-06-15 04:06:32,us-west
Linda Reynolds MD,howekelly@yahoo.com,717-600-7097x2988,"8540 Lawrence Parkways, South Timothyland, VA 84616",2024-07-07 17:49:58,us-central
Karen Bennett,taramooney@gmail.com,143-809-0746,"782 Walker Port Suite 163, Rebeccachester, CA 34190",2024-05-19 09:22:14,us-east
Christian Jones,castillolonnie@mora-vance.com,+1-446-340-0616x909,"72700 Shawn Mission Apt. 514, Amberfurt, MO 42382",2024-01-06 12:10:28,us-west
Larry Davis,jacksonbreanna@gmail.com,242-384-4217x47891,"19946 Lamb Village, South Timothy, ID 39751",2024-09-14 12:57:02,us-central
Randy Rodriguez,xhernandez@jones-cox.org,542.723.1596x991,"665 Brianna Village, East Angelicastad, SD 03375",2024-01-03 14:16:18,us-east
Todd Flores,ylindsey@hotmail.com,814-079-4495,"126 Jonathan Stream, East Joanne, FL 51547",2024-10-28 02:03:29,us-west
Stephanie Hudson,wandaduarte@gmail.com,+1-249-686-7676x6697,"17139 Swanson Unions, Christyhaven, IL 91445",2024-10-15 13:16:49,us-central
John Hodges DDS,joy97@gmail.com,165-236-7597x2552,"879 Kaufman Forks, Taylorland, NJ 23877",2024-08-08 04:59:32,us-east
Judy House,morgan08@moore.info,+1-058-176-5352x8242,"Unit 0973 Box 8392, DPO AE 28833",2024-03-10 02:03:29,us-west
William Murphy,tiffany04@hotmail.com,575-832-3175x7063,"3576 Robert Mill Suite 269, Mahoneystad, FL 86997",2024-09-21 19:53:20,us-central
